g_values_FGR,gam_upper_FGR_reduced_virtual,gam_lower_FGR_reduced_virtual
1000,85.44123724302914,55.26058524642198
1010,83.29606041358045,53.650915028205155
1020,81.15371812701224,52.05696935438184
1030,79.01713279967828,50.480432830565086
1040,76.88911355959523,48.92288779814929
1050,74.77235281652382,47.38581420988065
1060,72.6694233700424,45.87058986796147
1070,70.5827760419641,44.37849100496872
1080,68.51473781795819,42.91069318748404
1090,66.46751048186913,41.46827252205212
1100,64.4431697249933,40.05220714290809
1110,62.44366471146651,38.66337896083389
1120,60.470818079942106,37.3025756525192
1130,58.52632636089511,35.97049286990725
1140,56.611760788174244,34.66773664919601
1150,54.72856848283526,33.39482599943531
1160,52.87807398683153,32.152195651008974
1170,51.06148112379175,30.94019894470325
1180,49.27987516389959,29.75911084254744
1190,47.53422526977752,28.609131042148768
1200,45.82538720027987,27.490387176837558
1210,44.15410624920568,26.40293808457823
1220,42.52102039614504,25.346777129283314
1230,40.92666364696845,24.32183555888544
1240,39.371469541852164,23.327985885270586
1250,37.85577480919532,22.365045271949633
1260,36.37982314432199,21.432778916138737
1270,34.943769092466205,20.530903412727653
1280,33.547682016203545,19.659090088433395
1290,32.19155012821387,18.81696829526078
1300,30.875284571027336,18.00412865321572
1310,29.598723526217217,17.22012623303923
1320,28.361636336347157,16.464483670543615
1330,27.163727623856524,15.736694204936612
1340,26.00464139196452,15.036224634307937
1350,24.88396509358933,14.362518182224548
1360,23.801233655206744,13.714997270133518
1370,22.755933443504873,13.09306619099931
1380,21.747506163628984,12.496113680307667
1390,20.775352678740777,11.923515381244503
1400,19.83883674154269,11.374636201507862
1410,18.93728862932892,10.84883255982878
1420,18.070008675022475,10.345454520864696
1430,17.236270687535068,9.86384781768416
1440,16.43532525564147,9.403355761583839
1450,15.666402930388998,8.96332103946748
1460,14.928717281865751,8.543087399472533
1470,14.221467826920051,8.142001225950604
1480,13.543842825164568,7.759413005297189
1490,12.895021941301973,7.394678684480157
1500,12.27417877247819,7.047160924438523
1510,11.680483240003424,6.71623025081359
1520,11.113103845374779,6.4012661047320485
1530,10.571209791093516,6.1016577965895165
1540,10.053972967287727,5.816805365980599
1550,9.56056980563311,5.546120351092044
1560,9.090183002506206,5.289026471017627
1570,8.64200311370985,5.044960224570442
1580,8.21523002347699,4.813371409259403
1590,7.809074290789476,4.593723564165176
1600,7.42275837634316,4.385494340496811
1610,7.055517753749296,4.188175803635436
1620,6.7066019087882776,4.0012746704774775
1630,6.37527523072372,3.824312485877509
1640,6.060817799846994,3.6568257419625754
1650,5.762526075552678,3.498365944045636
1660,5.479713489348743,3.3484996268083838
1670,5.211710947280337,3.206808324353375
1680,4.957867246296357,3.0728884976441986
1690,4.717549409113765,2.9463514227610177
1700,4.490142942138449,2.8268230432989587
1710,4.27505202098403,2.713943790129213
1720,4.071699608093883,2.60736837162891
1730,3.8795275069175874,2.506765537366558
1740,3.6979963570227454,2.411817818106197
1750,3.5265855744390535,2.3222212448667223
1760,3.3647932414333717,2.23768504964327
1770,3.2121359498058624,2.1579313502667983
1780,3.0681486016775867,2.082694821746082
1790,2.93238417161218,2.0117223563046354
1800,2.804413433778353,1.9447727141936872
1810,2.683824657718346,1.8816161672323584
1820,2.5702232761404287,1.8220341368978064
1830,2.4632315280027273,1.7658188286620364
1840,2.3624880800019348,1.71277286414872
1850,2.267647629424752,1.6627089125630088
1860,2.178380491163346,1.615449322730528
1870,2.0943721715392076,1.5708257569685182
1880,2.0153229314238295,1.5286788279030183
1890,1.940947340989636,1.4888577392408984
1900,1.8709738282720902,1.4512199314050478
1910,1.8051442235735193,1.4156307328447688
1920,1.743213301592406,1.3819630177419597
1930,1.684948323018326,1.3500968707466754
1940,1.630128577193434,1.319919259293447
1950,1.5785449273062997,1.2913237139721154
1960,1.529999359453598,1.2642100173540285
1970,1.4843045367796976,1.2384839016060891
1980,1.4412833597838621,1.2140567551613317
1990,1.4007685337698046,1.1908453386553632
2000,1.3626021443026413,1.1687715102829601
2010,1.3266352414341955,1.1477619606783396
2020,1.29272743335893,1.1277479573759162
2030,1.2607464900696892,1.1086650988656126
2040,1.2305679574948625,1.0904530782178836
2050,1.2020747825163818,1.0730554562182992
2060,1.1751569491912457,1.0564194439197705
2070,1.1497111264278035,1.0404956944920505
2080,1.125640327301639,1.0252381042227903
2090,1.102853580134742,1.0106036225021864
2100,1.081265611405164,0.9965520706036995
2110,1.0607965405027575,0.9830459690565251
2120,1.041371586299461,0.9700503733911133
2130,1.022920785459858,0.9575327180270086
2140,1.0053787223791804,0.9454626680623858
2150,0.9886842706013694,0.9338119787167937
2160,0.9727803455390085,0.9225543621725583
2170,0.9576136682897947,0.9116653615559853
2180,0.943134540320391,0.901122231796695
2190,0.9292966287679432,0.8909038271020779
2200,0.916056762091909,0.8809904947837583
2210,0.9033747357941053,0.8713639751740636
2220,0.8912131279126203,0.8620073073725727
2230,0.8795371239855597,0.8529047405659219
2240,0.8683143511729895,0.8440416506678576
2250,0.8575147212200432,0.8354044620311595
2260,0.8471102819405505,0.8269805739882418
2270,0.8370750768987244,0.8187582919830059
2280,0.8273850129661593,0.8107267630627131
2290,0.8180177354325527,0.8028759155052415
2300,0.8089525103509689,0.7951964023639707
2310,0.8001701138020387,0.7876795487196829
2320,0.7916527277660441,0.7803173024361794
2330,0.783383842297314,0.7731021882237711
2340,0.7753481637015713,0.7660272648223181
2350,0.7675315284237818,0.7590860851230596
2360,0.7599208223615247,0.7522726590560445
2370,0.7525039053268351,0.7455814190774671
2380,0.7452695403878186,0.7390071880986884
2390,0.7382073278299568,0.7325451497060298
2400,0.7313076434859244,0.7261908205276807
2410,0.7245615811917676,0.719940024611101
2420,0.7179608991364627,0.7137888696812215
2430,0.7114979698810845,0.7077337251564653
2440,0.7051657338330346,0.7017712018061415
2450,0.6989576559699539,0.6958981329390894
2460,0.6928676856170506,0.6901115570195666
2470,0.6868902190905571,0.6844087016122669
2480,0.6810200650288761,0.6787869685640308
2490,0.675252412241639,0.6732439203352505
2500,0.6695827999153879,0.6677772673992042
2510,0.6640070900228411,0.6623848566325292
2520,0.6585214417907462,0.657064660624834
2530,0.6531222880891047,0.6518147678399736
2540,0.6478063136120904,0.646633373565854
2550,0.6425704347282508,0.6415187715937302
2560,0.637411780884592,0.6364693465718706
2570,0.6323276774558612,0.6314835669821433
2580,0.6273156299368176,0.6265599786915845
2590,0.6223733093814456,0.6216971990343017
2600,0.6174985389989778,0.6168939113821743
2610,0.6126892818222344,0.61214886016576
2620,0.6079436293691448,0.607460846309554
2630,0.6032597912234291,0.6028287230483573
2640,0.5986360854652576,0.5982513920939331
2650,0.5940709298873047,0.5937278001234103
2660,0.5895628339359607,0.5892569355630336
2670,0.5851103913215786,0.5848378256428478
2680,0.5807122732455079,0.5804695336997697
2690,0.5763672221953404,0.5761511567082505
2700,0.5720740462632204,0.5718818230193314
2710,0.5678316139453256,0.567660690290429
2720,0.5636388493836585,0.5634869435895673
2730,0.5594947280141531,0.5593597936591004
2740,0.5553982725877571,0.5552784753251544
2750,0.551348549533675,0.5512422460401655
2760,0.5473446656362752,0.5472503845469066
2770,0.5433857649993692,0.5433021896533791
2780,0.539471026273584,0.5393969791088119
2790,0.5355996601244742,0.5355340885718579
2800,0.531770906920757,0.5317128706628054
2810,0.5279840346237269,0.5279326940923534
2820,0.5242383368604031,0.5241929428601151
2830,0.5205331311643998,0.5204930155166224
2840,0.5168677573698092,0.516832324483146
2850,0.5132415761446035,0.5132102954241397
2860,0.5096539676511975,0.5096263666675889
2870,0.5061043303228289,0.5060799886689489
2880,0.5025920797454005,0.5025706235147596
2890,0.4991166476352897,0.4990977444623657
2900,0.4956774809044625,0.4956608355125029
2910,0.4922740408049713,0.49225939101179916
2920,0.48890580214560986,0.488892915282515
2930,0.4855722525741354,0.48556092227709174
2940,0.48227289191905076,0.4822629352553031
2950,0.4790072315854693,0.4789984864820037
2960,0.47577479400009076,0.47576711694366886
2970,0.4725751121007442,0.472568376082069
2980,0.46940772886639115,0.4694018215436005
2990,0.4662721968838353,0.4662670189429133
3000,0.46316807794774806,0.4631635416396196
