L,L_ext,gam1s,gam2s,PLgam1,PLgam2,gam1_inf,gam2_inf
16,10.0,135.84053873071187,95.93514338810765,132.36477095794564,93.72384009689613,138.03251792797755,97.33701142498053
18,10.954773869346734,136.28176063896862,96.22042611155462,133.30967372798946,94.32621271772798,138.03251792797755,97.33701142498053
20,11.909547738693467,136.6048249173005,96.42838380463735,134.03656913486688,94.78960631249018,138.03251792797755,97.33701142498053
22,12.864321608040202,136.84905024295398,96.58345427226956,134.6077064081986,95.15370457434165,138.03251792797755,97.33701142498053
24,13.819095477386934,137.03616795632774,96.70419491643786,135.06460456916454,95.44497575207514,138.03251792797755,97.33701142498053
26,14.773869346733669,137.18506418627598,96.7975804955788,135.43581692654027,95.6816224925511,138.03251792797755,97.33701142498053
28,15.728643216080403,137.30096448002837,96.87435972785012,135.74150293588582,95.87649638692288,138.03251792797755,97.33701142498053
30,16.683417085427138,137.39780807895204,96.93525870974544,135.99622412843993,96.03888036674032,138.03251792797755,97.33701142498053
32,17.63819095477387,137.47816233812412,96.98649378908776,136.21071089913661,96.17561502589716,138.03251792797755,97.33701142498053
34,18.592964824120603,137.544003553692,97.02850912842672,136.39301137019643,96.29183101765058,138.03251792797755,97.33701142498053
36,19.547738693467338,137.59918630600436,97.06295877948892,136.5492575228769,96.39143746126452,138.03251792797755,97.33701142498053
38,20.50251256281407,137.64537852397928,97.09068254411712,136.68418767182467,96.4774550178086,138.03251792797755,97.33701142498053
40,21.457286432160807,137.68500195976304,97.11577623269618,136.80150998212017,96.55224763116018,138.03251792797755,97.33701142498053
42,22.412060301507537,137.7192341857122,97.13657564401827,136.90415998914793,96.61768669613282,138.03251792797755,97.33701142498053
44,23.366834170854272,137.7476934246648,97.15268715885148,136.99448602713244,96.67526926859958,138.03251792797755,97.33701142498053
46,24.321608040201006,137.76924504815773,97.1650161332958,137.0743847413773,96.7262044541304,138.03251792797755,97.33701142498053
48,25.276381909547737,137.7866602387504,97.17192024255273,137.1454014706174,96.77147740143405,138.03251792797755,97.33701142498053
nan,26.231155778894472,nan,nan,137.20880553473526,96.81189729804659,nan,nan
nan,27.185929648241206,nan,nan,137.26564734956546,96.84813378084418,nan,nan
nan,28.14070351758794,nan,nan,137.3168022144564,96.88074485047967,nan,nan
nan,29.095477386934675,nan,nan,137.36300421169514,96.91019848216187,nan,nan
nan,30.050251256281406,nan,nan,137.40487268978046,96.93688950866117,nan,nan
nan,31.00502512562814,nan,nan,137.44293312841614,96.9611529216787,nan,nan
nan,31.959798994974875,nan,nan,137.4776337072183,96.98327443434658,nan,nan
nan,32.91457286432161,nan,nan,137.50935856020124,97.00349893092198,nan,nan
nan,33.869346733668344,nan,nan,137.53843845259203,97.02203727322373,nan,nan
nan,34.824120603015075,nan,nan,137.56515943736073,97.03907181914383,nan,nan
nan,35.77889447236181,nan,nan,137.58976991683582,97.05476092440557,nan,nan
nan,36.733668341708544,nan,nan,137.61248643660704,97.06924263615899,nan,nan
nan,37.688442211055275,nan,nan,137.6334984652927,97.0826377400677,nan,nan
nan,38.64321608040201,nan,nan,137.65297235807992,97.09505228705383,nan,nan
nan,39.597989949748744,nan,nan,137.6710546595343,97.10657969882895,nan,nan
nan,40.552763819095475,nan,nan,137.68787486862507,97.11730253058919,nan,nan
nan,41.50753768844221,nan,nan,137.70354776376215,97.12729395321915,nan,nan
nan,42.462311557788944,nan,nan,137.71817536607813,97.13661900487834,nan,nan
nan,43.41708542713568,nan,nan,137.73184860388173,97.14533565208494,nan,nan
nan,44.37185929648241,nan,nan,137.74464872915567,97.153495692729,nan,nan
nan,45.32663316582914,nan,nan,137.7566485274335,97.16114552736514,nan,nan
nan,46.28140703517588,nan,nan,137.76791335479584,97.16832682029451,nan,nan
nan,47.23618090452261,nan,nan,137.77850202965226,97.17507706807302,nan,nan
nan,48.19095477386935,nan,nan,137.78846760209257,97.18143008997038,nan,nan
nan,49.14572864321608,nan,nan,137.79785801964638,97.1874164523898,nan,nan
nan,50.10050251256281,nan,nan,137.806716705091,97.19306383721879,nan,nan
nan,51.05527638190955,nan,nan,137.81508305934008,97.19839736241904,nan,nan
nan,52.01005025125628,nan,nan,137.82299290031276,97.20343986180428,nan,nan
nan,52.96482412060302,nan,nan,137.8304788469307,97.20821212983718,nan,nan
nan,53.91959798994975,nan,nan,137.8375706559465,97.21273313635628,nan,nan
nan,54.87437185929648,nan,nan,137.84429551811004,97.21702021538135,nan,nan
nan,55.82914572864322,nan,nan,137.8506783191884,97.22108923151265,nan,nan
nan,56.78391959798995,nan,nan,137.85674187052572,97.22495472691219,nan,nan
nan,57.73869346733669,nan,nan,137.86250711313934,97.22863005141433,nan,nan
nan,58.69346733668342,nan,nan,137.86799329876692,97.2321274779429,nan,nan
nan,59.64824120603015,nan,nan,137.87321815079278,97.23545830510105,nan,nan
nan,60.60301507537689,nan,nan,137.8781980075684,97.2386329485378,nan,nan
nan,61.55778894472362,nan,nan,137.88294795029475,97.2416610224726,nan,nan
nan,62.51256281407035,nan,nan,137.88748191733856,97.24455141257147,nan,nan
nan,63.46733668341709,nan,nan,137.89181280660156,97.24731234120729,nan,nan
nan,64.42211055276383,nan,nan,137.89595256734987,97.2499514260006,nan,nan
nan,65.37688442211055,nan,nan,137.89991228272493,97.25247573242011,nan,nan
nan,66.33165829145729,nan,nan,137.9037022440013,97.25489182112179,nan,nan
nan,67.28643216080403,nan,nan,137.9073320175218,97.25720579061992,nan,nan
nan,68.24120603015075,nan,nan,137.9108105051235,97.25942331580832,nan,nan
nan,69.19597989949749,nan,nan,137.91414599876796,97.2615496827871,nan,nan
nan,70.15075376884423,nan,nan,137.91734623000286,97.26358982039422,nan,nan
nan,71.10552763819095,nan,nan,137.92041841480585,97.2655483287933,nan,nan
nan,72.06030150753769,nan,nan,137.9233692942973,97.26742950542796,nan,nan
nan,73.01507537688443,nan,nan,137.92620517175104,97.26923736861592,nan,nan
nan,73.96984924623115,nan,nan,137.92893194628292,97.27097567902548,nan,nan
nan,74.92462311557789,nan,nan,137.93155514355348,97.2726479592483,nan,nan
nan,75.87939698492463,nan,nan,137.9340799437838,97.27425751165941,nan,nan
nan,76.83417085427136,nan,nan,137.93651120734933,97.27580743473335,nan,nan
nan,77.78894472361809,nan,nan,137.9388534981889,97.27730063796709,nan,nan
nan,78.74371859296483,nan,nan,137.9411111052387,97.27873985554427,nan,nan
nan,79.69849246231156,nan,nan,137.9432880620796,97.28012765886042,nan,nan
nan,80.65326633165829,nan,nan,137.94538816496663,97.28146646801642,nan,nan
nan,81.60804020100502,nan,nan,137.94741498939,97.28275856237639,nan,nan
nan,82.56281407035176,nan,nan,137.94937190530396,97.28400609027575,nan,nan
nan,83.5175879396985,nan,nan,137.95126209114335,97.28521107795707,nan,nan
nan,84.47236180904522,nan,nan,137.95308854673823,97.28637543780275,nan,nan
nan,85.42713567839196,nan,nan,137.95485410522315,97.28750097592743,nan,nan
nan,86.3819095477387,nan,nan,137.95656144403065,97.28858939918612,nan,nan
nan,87.33668341708542,nan,nan,137.9582130950478,97.2896423216491,nan,nan
nan,88.29145728643216,nan,nan,137.95981145400833,97.29066127058924,nan,nan
nan,89.2462311557789,nan,nan,137.96135878918497,97.2916476920235,nan,nan
nan,90.20100502512562,nan,nan,137.96285724944147,97.29260295584591,nan,nan
nan,91.15577889447236,nan,nan,137.96430887169709,97.29352836058628,nan,nan
nan,92.1105527638191,nan,nan,137.96571558785254,97.29442513782537,nan,nan
nan,93.06532663316582,nan,nan,137.96707923122096,97.29529445629468,nan,nan
nan,94.02010050251256,nan,nan,137.96840154250407,97.29613742568627,nan,nan
nan,94.9748743718593,nan,nan,137.96968417535018,97.29695510019582,nan,nan
nan,95.92964824120604,nan,nan,137.9709287015265,97.29774848182015,nan,nan
nan,96.88442211055276,nan,nan,137.97213661573682,97.29851852342831,nan,nan
nan,97.8391959798995,nan,nan,137.97330934011143,97.29926613162402,nan,nan
nan,98.79396984924624,nan,nan,137.97444822839486,97.2999921694153,nan,nan
nan,99.74874371859296,nan,nan,137.97555456985455,97.30069745870615,nan,nan
nan,100.7035175879397,nan,nan,137.97662959293103,97.30138278262366,nan,nan
nan,101.65829145728644,nan,nan,137.97767446864952,97.30204888769283,nan,nan
nan,102.61306532663316,nan,nan,137.97869031381038,97.30269648587044,nan,nan
nan,103.5678391959799,nan,nan,137.97967819397425,97.30332625644816,nan,nan
nan,104.52261306532664,nan,nan,137.9806391262578,97.30393884783476,nan,nan
nan,105.47738693467338,nan,nan,137.9815740819527,97.30453487922563,nan,nan
nan,106.4321608040201,nan,nan,137.98248398898076,97.30511494216819,nan,nan
nan,107.38693467336684,nan,nan,137.9833697341976,97.30567960203011,nan,nan
nan,108.34170854271358,nan,nan,137.98423216555412,97.3062293993775,nan,nan
nan,109.2964824120603,nan,nan,137.9850720941268,97.30676485126914,nan,nan
nan,110.25125628140704,nan,nan,137.98589029602527,97.30728645247254,nan,nan
nan,111.20603015075378,nan,nan,137.98668751418595,97.30779467660739,nan,nan
nan,112.1608040201005,nan,nan,137.98746446005893,97.30828997722094,nan,nan
nan,113.11557788944724,nan,nan,137.988221815196,97.30877278880038,nan,nan
nan,114.07035175879398,nan,nan,137.98896023274568,97.30924352772588,nan,nan
nan,115.0251256281407,nan,nan,137.989680338862,97.30970259316872,nan,nan
nan,115.97989949748744,nan,nan,137.99038273403224,97.31015036793768,nan,nan
nan,116.93467336683418,nan,nan,137.99106799432926,97.31058721927747,nan,nan
nan,117.88944723618091,nan,nan,137.99173667259296,97.31101349962184,nan,nan
nan,118.84422110552764,nan,nan,137.99238929954578,97.31142954730468,nan,nan
nan,119.79899497487438,nan,nan,137.99302638484602,97.31183568723162,nan,nan
nan,120.75376884422111,nan,nan,137.99364841808307,97.31223223151441,nan,nan
nan,121.70854271356784,nan,nan,137.99425586971856,97.31261948007086,nan,nan
nan,122.66331658291458,nan,nan,137.99484919197585,97.31299772119202,nan,nan
nan,123.61809045226131,nan,nan,137.9954288196822,97.3133672320789,nan,nan
nan,124.57286432160804,nan,nan,137.99599517106552,97.31372827935054,nan,nan
nan,125.52763819095478,nan,nan,137.9965486485091,97.31408111952504,nan,nan
nan,126.48241206030151,nan,nan,137.99708963926645,97.31442599947532,nan,nan
nan,127.43718592964825,nan,nan,137.9976185161389,97.31476315686109,nan,nan
nan,128.39195979899498,nan,nan,137.99813563811801,97.31509282053838,nan,nan
nan,129.3467336683417,nan,nan,137.99864135099497,97.31541521094799,nan,nan
nan,130.30150753768845,nan,nan,137.9991359879387,97.31573054048411,nan,nan
nan,131.25628140703517,nan,nan,137.99961987004488,97.31603901384423,nan,nan
nan,132.2110552763819,nan,nan,138.00009330685702,97.31634082836143,nan,nan
nan,133.16582914572865,nan,nan,138.00055659686183,97.31663617432001,nan,nan
nan,134.12060301507537,nan,nan,138.00101002795952,97.31692523525555,nan,nan
nan,135.0753768844221,nan,nan,138.00145387791153,97.31720818824004,nan,nan
nan,136.03015075376885,nan,nan,138.00188841476566,97.31748520415319,nan,nan
nan,136.98492462311557,nan,nan,138.0023138972611,97.3177564479404,nan,nan
nan,137.9396984924623,nan,nan,138.0027305752136,97.31802207885846,nan,nan
nan,138.89447236180905,nan,nan,138.00313868988218,97.31828225070927,nan,nan
nan,139.84924623115577,nan,nan,138.00353847431856,97.31853711206257,nan,nan
nan,140.80402010050253,nan,nan,138.00393015369986,97.31878680646807,nan,nan
nan,141.75879396984925,nan,nan,138.0043139456457,97.31903147265766,nan,nan
nan,142.71356783919597,nan,nan,138.00469006052066,97.31927124473809,nan,nan
nan,143.66834170854273,nan,nan,138.0050587017226,97.31950625237482,nan,nan
nan,144.62311557788945,nan,nan,138.00542006595748,97.3197366209674,nan,nan
nan,145.57788944723617,nan,nan,138.0057743435022,97.31996247181668,nan,nan
nan,146.53266331658293,nan,nan,138.00612171845472,97.32018392228463,nan,nan
nan,147.48743718592965,nan,nan,138.00646236897367,97.32040108594673,nan,nan
nan,148.44221105527637,nan,nan,138.00679646750646,97.32061407273774,nan,nan
nan,149.39698492462313,nan,nan,138.00712418100778,97.32082298909077,nan,nan
nan,150.35175879396985,nan,nan,138.00744567114828,97.32102793807032,nan,nan
nan,151.30653266331657,nan,nan,138.00776109451368,97.32122901949934,nan,nan
nan,152.26130653266333,nan,nan,138.0080706027959,97.32142633008095,nan,nan
nan,153.21608040201005,nan,nan,138.00837434297512,97.32161996351459,nan,nan
nan,154.17085427135677,nan,nan,138.00867245749447,97.3218100106073,nan,nan
nan,155.12562814070353,nan,nan,138.0089650844271,97.32199655938027,nan,nan
nan,156.08040201005025,nan,nan,138.00925235763592,97.32217969517072,nan,nan
nan,157.035175879397,nan,nan,138.00953440692692,97.32235950072955,nan,nan
nan,157.98994974874373,nan,nan,138.0098113581956,97.32253605631479,nan,nan
nan,158.94472361809045,nan,nan,138.0100833335677,97.32270943978122,nan,nan
nan,159.8994974874372,nan,nan,138.01035045153378,97.32287972666617,nan,nan
nan,160.85427135678393,nan,nan,138.0106128270782,97.32304699027185,nan,nan
nan,161.80904522613065,nan,nan,138.010870571803,97.32321130174421,nan,nan
nan,162.7638190954774,nan,nan,138.01112379404657,97.32337273014863,nan,nan
nan,163.71859296482413,nan,nan,138.01137259899747,97.32353134254252,nan,nan
nan,164.67336683417085,nan,nan,138.01161708880372,97.32368720404494,nan,nan
nan,165.6281407035176,nan,nan,138.01185736267772,97.32384037790344,nan,nan
nan,166.58291457286433,nan,nan,138.01209351699677,97.32399092555828,nan,nan
nan,167.53768844221105,nan,nan,138.01232564539984,97.32413890670404,nan,nan
nan,168.4924623115578,nan,nan,138.01255383888042,97.32428437934874,nan,nan
nan,169.44723618090453,nan,nan,138.0127781858756,97.32442739987079,nan,nan
nan,170.40201005025125,nan,nan,138.01299877235186,97.32456802307355,nan,nan
nan,171.356783919598,nan,nan,138.01321568188746,97.32470630223791,nan,nan
nan,172.31155778894473,nan,nan,138.0134289957515,97.32484228917266,nan,nan
nan,173.26633165829145,nan,nan,138.01363879298015,97.32497603426313,nan,nan
nan,174.2211055276382,nan,nan,138.01384515044984,97.32510758651782,nan,nan
nan,175.17587939698493,nan,nan,138.01404814294773,97.32523699361327,nan,nan
nan,176.13065326633165,nan,nan,138.01424784323942,97.32536430193736,nan,nan
nan,177.0854271356784,nan,nan,138.01444432213415,97.32548955663077,nan,nan
nan,178.04020100502512,nan,nan,138.01463764854773,97.3256128016271,nan,nan
nan,178.99497487437188,nan,nan,138.0148278895628,97.32573407969133,nan,nan
nan,179.9497487437186,nan,nan,138.01501511048713,97.32585343245697,nan,nan
nan,180.90452261306532,nan,nan,138.01519937490963,97.32597090046174,nan,nan
nan,181.85929648241208,nan,nan,138.0153807447544,97.32608652318208,nan,nan
nan,182.8140703517588,nan,nan,138.0155592803327,97.32620033906623,nan,nan
nan,183.76884422110552,nan,nan,138.01573504039314,97.32631238556627,nan,nan
nan,184.72361809045228,nan,nan,138.01590808217006,97.32642269916887,nan,nan
nan,185.678391959799,nan,nan,138.01607846143,97.32653131542507,nan,nan
nan,186.63316582914572,nan,nan,138.01624623251675,97.32663826897884,nan,nan
nan,187.58793969849248,nan,nan,138.01641144839465,97.3267435935948,nan,nan
nan,188.5427135678392,nan,nan,138.01657416069037,97.32684732218479,nan,nan
nan,189.49748743718592,nan,nan,138.0167344197333,97.32694948683364,nan,nan
nan,190.45226130653268,nan,nan,138.01689227459445,97.32705011882398,nan,nan
nan,191.4070351758794,nan,nan,138.01704777312398,97.3271492486601,nan,nan
nan,192.36180904522612,nan,nan,138.0172009619875,97.32724690609126,nan,nan
nan,193.31658291457288,nan,nan,138.01735188670116,97.3273431201338,nan,nan
nan,194.2713567839196,nan,nan,138.01750059166528,97.32743791909282,nan,nan
nan,195.22613065326632,nan,nan,138.0176471201972,97.32753133058299,nan,nan
nan,196.18090452261308,nan,nan,138.01779151456276,97.3276233815486,nan,nan
nan,197.1356783919598,nan,nan,138.01793381600666,97.32771409828308,nan,nan
nan,198.09045226130652,nan,nan,138.0180740647821,97.32780350644774,nan,nan
nan,199.04522613065328,nan,nan,138.01821230017921,97.32789163108986,nan,nan
nan,200.0,nan,nan,138.01834856055248,97.32797849666032,nan,nan
